{
  "$schema": "https://schema.management.azure.com/schemas/2015-01-01/deploymentParameters.json#",
  "contentVersion": "1.0.0.0",
  "parameters": {
    "vmList": {
      "value": "VMName"
    },
    "domainJoinUserName": {
      "reference": {
        "keyVault": {
          "id": "KeyVaultID"
        },
        "secretName": "UserNameSecretName"
      }
    },
    "domainJoinUserPassword": {
      "reference": {
        "keyVault": {
          "id": "KeyVaultID"
        },
        "secretName": "PasswordSecretName"
      }
    },
    "domainFQDN": {
      "value": "DomainFQDN"
    },
    "ouPath": {
      "value": "OUDistinguishName"
    }
  }
}